{"focals": [425.2122497558594, 425.2122497558594], "principal_points": [[256.0, 192.0], [256.0, 192.0]]}