{"focals": [704.6482543945312, 704.6482543945312], "principal_points": [[256.0, 192.0], [256.0, 192.0]]}